{
  "$schema": "https://schema.management.azure.com/schemas/2018-05-01/deploymentTemplate.json#",
  "contentVersion": "1.0.0.0",
  "parameters": {
    "sonaserverAdminLogin": {
      "type": "string",
      "minLength": 1,
      "defaultValue": "sona1234"
    },
    "sonaserverAdminLoginPassword": {
      "type": "securestring",
      "defaultValue": "Pswd9876#"
    },
    "sonadbName": {
      "type": "string",
      "minLength": 1,
      "defaultValue": "newdba"
    },
    "sonadbCollation": {
      "type": "string",
      "minLength": 1,
      "defaultValue": "SQL_Latin1_General_CP1_CI_AS"
    },
    "sonadbEdition": {
      "type": "string",
      "defaultValue": "Basic",
      "allowedValues": [
        "Basic",
        "Standard",
        "Premium"
      ]
    },
    "sonadbRequestedServiceObjectiveName": {
      "type": "string",
      "defaultValue": "Basic",
      "allowedValues": [
        "Basic",
        "S0",
        "S1",
        "S2",
        "P1",
        "P2",
        "P3"
      ],
      "metadata": {
        "description": "Describes the performance level for Edition"
      }
    },
    "serverName": {
      "type": "string",
      "defaultValue": "gokulprasanth"
    },
    "envName": {
      "defaultValue": "qa",
      "type": "String"
    }
  },
  "variables": {
    "sonaserverName": "defaultservera",
    "sonawebappName": "newwebappa",
    "sitesFunctionAppName": "newfnappa",
    "appInsightsName": "deafualtappinsighta",
    "functionStorageAccountName": "defaultsacca",
    "appServicePlanName": "plana",
    "sonasaName": "newsaccsa"
  },
  "resources": [
    {
      "name": "[variables('sonaserverName')]",
      "type": "Microsoft.Sql/servers",
      "location": "[resourceGroup().location]",
      "apiVersion": "2014-04-01-preview",
      "dependsOn": [],
      "tags": {
        "displayName": "sonaserver"
      },
      "properties": {
        "administratorLogin": "[parameters('sonaserverAdminLogin')]",
        "administratorLoginPassword": "[parameters('sonaserverAdminLoginPassword')]"
      },
      "resources": [
        {
          "name": "AllowAllWindowsAzureIps",
          "type": "firewallrules",
          "location": "[resourceGroup().location]",
          "apiVersion": "2014-04-01-preview",
          "dependsOn": [
            "[resourceId('Microsoft.Sql/servers', variables('sonaserverName'))]"
          ],
          "properties": {
            "startIpAddress": "0.0.0.0",
            "endIpAddress": "0.0.0.0"
          }
        }
      ]
    },
    {
      "name": "[concat(parameters('serverName'), '/', parameters('sonadbName'))]",
      "type": "Microsoft.Sql/servers/databases",
      "location": "eastus",
      "apiVersion": "2014-04-01-preview",
      "dependsOn": [],
      "tags": {
        "displayName": "sonadb"
      },
      "properties": {
        "collation": "[parameters('sonadbCollation')]",
        "edition": "[parameters('sonadbEdition')]",
        "maxSizeBytes": "1073741824",
        "requestedServiceObjectiveName": "[parameters('sonadbRequestedServiceObjectiveName')]"
      }
    },
    {
      "name": "[variables('sonawebappName')]",
      "type": "Microsoft.Web/sites",
      "location": "[resourceGroup().location]",
      "apiVersion": "2015-08-01",
      "dependsOn": [
        "plana"
      ],
      "tags": {
        "defaultplan": "Resource",
        "displayName": "newwebappa"
      },
      "properties": {
        "name": "[variables('sonawebappName')]",
        "serverFarmId": "plana"
      }
    },
    {
      "type": "Microsoft.Storage/storageAccounts",
      "apiVersion": "2021-04-01",
      "name": "[variables('functionStorageAccountName')]",
      "location": "[resourceGroup().location]",
      "sku": {
        "name": "Standard_LRS",
        "tier": "Standard"
      },
      "kind": "Storage",
      "properties": {
        "supportsHttpsTrafficOnly": true
      }
    },
    {
      "type": "microsoft.insights/components",
      "apiVersion": "2020-02-02",
      "name": "[variables('appInsightsName')]",
      "location": "[resourceGroup().location]",
      "kind": "web",
      "properties": {
        "Application_Type": "web",
        "ApplicationId": "[variables('appInsightsName')]"
      }
    },
    {
      "type": "Microsoft.Web/serverfarms",
      "apiVersion": "2018-02-01",
      "name": "[variables('appServicePlanName')]",
      "location": "[resourceGroup().location]",
      "sku": {
        "name": "S1",
        "tier": "Standard",
        "size": "S1",
        "family": "S",
        "capacity": 1
      },
      "kind": "app",
      "properties": {
        "perSiteScaling": false,
        "maximumElasticWorkerCount": 1,
        "isSpot": false,
        "reserved": false,
        "isXenon": false,
        "hyperV": false,
        "targetWorkerCount": 0,
        "targetWorkerSizeId": 0
      }
    },
    {
      "type": "Microsoft.Web/sites",
      "apiVersion": "2018-11-01",
      "name": "[variables('sitesFunctionAppName')]",
      "location": "[resourceGroup().location]",
      "dependsOn": [
        "[resourceId('Microsoft.Web/serverfarms', variables('appServicePlanName'))]",
        "[resourceId('microsoft.insights/components/', variables('appInsightsName'))]",
        "[resourceId('Microsoft.Storage/storageAccounts', variables('functionStorageAccountName'))]"
      ],
      "kind": "functionapp",
      "identity": {
        "type": "SystemAssigned"
      },
      "properties": {
        "enabled": true,
        "serverFarmId": "[resourceId('Microsoft.Web/serverfarms', variables('appServicePlanName'))]",
        "httpsOnly": true,
        "siteConfig": {
          "appSettings": [
            {
              "name": "APPINSIGHTS_INSTRUMENTATIONKEY",
              "value": "[reference(concat('microsoft.insights/components/', variables('appInsightsName'))).InstrumentationKey]"
            },
            {
              "name": "AzureWebJobsStorage",
              "value": "[concat('DefaultEndpointsProtocol=https;AccountName=', variables('functionStorageAccountName'), ';AccountKey=', listKeys(resourceId('Microsoft.Storage/storageAccounts', variables('functionStorageAccountName')),'2017-06-01').keys[0].value)]"
            },
            {
              "name": "WEBSITE_CONTENTAZUREFILECONNECTIONSTRING",
              "value": "[concat('DefaultEndpointsProtocol=https;AccountName=', variables('functionStorageAccountName'), ';AccountKey=', listKeys(resourceId('Microsoft.Storage/storageAccounts', variables('functionStorageAccountName')),'2017-06-01').keys[0].value)]"
            },
            {
              "name": "WEBSITE_CONTENTSHARE",
              "value": "[toLower(variables('sitesFunctionAppName'))]"
            },
            {
              "name": "FUNCTIONS_EXTENSION_VERSION",
              "value": "~3"
            },
            {
              "name": "FUNCTIONS_WORKER_RUNTIME",
              "value": "dotnet"
            },
            {
              "name": "WEBSITE_RUN_FROM_PACKAGE",
              "value": "1"
            },
            {
              "name": "WEBSITE_TIME_ZONE",
              "value": "UTC"
            }
          ]
        }
      }
    }
  ],
  "outputs": {}
}